[
    {
        "rating": "4.5", 
        "description": "La historia se centra en Hotaru, una chica que se pierde en un bosque en el que se dice habitan muchos fantasmas. Ante ella se le aparece Gin, un joven muchacho que le embelesa con una primera mirada pero al cual ella no se atreve ni a tocar por miedo a que desaparezca.\n", 
        "img": "/uploads/animes/covers/745.jpg", 
        "genre": ["Drama", "Romance", "Shoujo", "Sobrenatural"], 
        "type": "Pel\u00edcula", 
        "web_state": "Finalizado", 
        "votes": 1329, 
        "name": "Hotarubi no Mori e", 
        "id": "745", 
        "slug": "hotarubi-no-mori-e", 
        "episodes_num": 1

    },

    {
        "rating": "3.5", 
        "description": "En un futuro en el que una anomal\u00eda del Sol ha destrozado la atm\u00f3sfera de la Tierra, con la consiguiente devastaci\u00f3n en el ecosistema. El deterioro del ADN ha reducido la tasa de natalidad de manera dram\u00e1tica, lo que ha forzado a los gobernantes a crear unos clones llamados IC (Ideal Children), as\u00ed como un gobierno para ellos. El protagonista de la serie es Sam Coin, un ?pirata de la arena? que comercia en el desiento mientras busca un misterioso objeto gigantesco llamado Ozuma, que en su d\u00eda caus\u00f3 da\u00f1o a su hermano. En una de sus correr\u00edas rescata a una muchacha llamada Maya que est\u00e1 siendo perseguida por un destructor de la arena propiedad del ej\u00e9rcito IC ?Shishiasu?. Sam se la lleva a la nave de los piratas de la arena, Barudonosu, situada en el Puerto de Oaaze. Sin embargo, el destructor de la arena de los IC asedia a la Barudanosu.", 
        "img": "/uploads/animes/covers/749.jpg", 
        "genre": ["Acci\u00f3n", "Ciencia Ficci\u00f3n"], 
        "type": "Anime", 
        "web_state": "Finalizado", 
        "votes": 14, 
        "name": "Ozuma", 
        "id": "749", 
        "slug": "ozuma", 
        "episodes_num": 6

    },

    {
        "rating": "4.7", 
        "description": "Relata la historia original de lo que sucede despu\u00e9s del arco de Ragnarok.", 
        "img": "/uploads/animes/covers/751.jpg", 
        "genre": ["Acci\u00f3n", "Artes Marciales", "Comedia", "Escolares", "Shounen"], 
        "type": "OVA", 
        "web_state": "Finalizado", 
        "votes": 330, 
        "name": "Shijou Saikyou no Deshi Kenichi OVA", 
        "id": "751", 
        "slug": "shijou-saikyou-no-deshi-kenichi-ovas", 
        "episodes_num": 11

    },

    {
        "rating": "4.7", 
        "description": "Yuzuki Eba se muda desde Tokio a un pueblo del interior, a la casa de un chico llamado Haruto Kirishima. La chica con la cual compartir\u00e1 m\u00e1s de lo que pretend\u00eda parece demasiado en\u00e9rgica para la vida en el campo. Ella viene de la ciudad pero sin un motivo claro, y disfruta sac\u00e1ndo de su eje a Haruto, quien est\u00e1 enamorado de una compa\u00f1era de clase e intentar\u00e1 todo lo posible para que su compa\u00f1era no tenga una idea equivocada de la relaci\u00f3n con su nueva hu\u00e9sped. \u00bfLograr\u00e1 lidiar exitosamente con ella?", 
        "img": "/uploads/animes/covers/750.jpg", 
        "genre": ["Drama", "Escolares", "Romance", "Shounen"], 
        "type": "OVA", 
        "web_state": "Finalizado", 
        "votes": 84, 
        "name": "Kimi no Iru Machi: Tasogare Kousaten", 
        "id": "750", 
        "slug": "kimi-no-iru-machi-tasogare-kousaten", 
        "episodes_num": 2

    },

    {
        "rating": "4.2", 
        "description": "Athena es secuestrada por el Dios Marte en pleno Santuario, el cual en su ataque lanza una columna de piedra contra un peque\u00f1o beb\u00e9 llamado Kouga. Por suerte, el caballero de Sagitario, Seiya, aparece y salva al ni\u00f1o de una muerte segura. Kouga ser\u00e1 el nuevo caballero de Pegaso y se enfrentar\u00e1 junto a sus amigos a los planes de Marte.", "img": "/uploads/animes/covers/752.jpg", 
        "genre": ["Acci\u00f3n", "Aventuras", "Fantas\u00eda", "Shounen"], 
        "type": "Anime", 
        "web_state": "Finalizado", 
        "votes": 250, 
        "name": "Saint Seiya Omega", 
        "id": "752", 
        "slug": "saint-seiya-omega", 
        "episodes_num": 97

    }
]